Metrica,Valor
Precision,0.5714285714285714
Recall,0.4
F1-score,0.47058823529411764
