Metrica,Valor
Precision,0.7307692307692307
Recall,0.95
F1-score,0.8260869565217392
