Precision,Recall,F1,AUC
0.7307692307692307,0.95,0.8260869565217391,0.795
